id,reading_level,chapter_count,paragraph_count,word_count
1,1,7,17,167
2,1,7,11,123
4,1,12,25,117
5,1,11,21,116
6,1,7,7,78
7,1,11,13,144
8,1,11,12,150
9,1,11,11,107
10,1,6,18,101
11,1,12,31,194
14,2,14,40,488
15,3,23,47,1291
16,1,11,13,120
17,3,9,10,374
18,3,17,38,564
19,3,15,39,1342
20,3,13,22,672
21,3,12,26,965
22,4,23,75,2057
23,4,16,55,1507
24,3,14,20,731
25,3,19,54,1596
26,2,7,11,393
27,2,11,23,211
28,1,10,17,95
29,1,11,13,110
30,1,13,28,201
31,1,4,4,20
32,1,10,25,209
33,1,14,13,23
34,1,11,19,148
36,1,11,29,138
37,1,11,20,26
38,1,14,20,140
39,1,13,15,177
40,1,4,16,89
41,4,10,30,555
42,1,15,37,264
46,1,5,5,81
47,1,16,18,117
48,1,8,15,176
49,1,9,23,258
50,2,18,48,811
51,2,19,48,623
52,2,20,41,559
53,2,15,62,486
54,2,11,28,211
55,2,18,52,461
56,2,11,37,398
57,2,16,22,133
58,2,11,16,131
59,2,16,29,129
60,2,11,42,427
61,2,17,29,178
63,1,15,13,101
64,2,4,25,85
65,2,12,30,426
66,2,15,44,442
68,3,22,35,1978
69,1,20,9,37
70,1,9,15,61
71,1,7,22,207
73,2,7,14,129
74,1,11,21,209
75,1,15,15,124
76,2,7,25,227
77,1,9,31,102
79,1,7,10,97
80,1,11,27,159
83,1,8,28,116
84,1,11,12,78
86,2,11,15,214
87,1,11,17,123
89,1,11,17,62
90,1,9,12,88
91,2,13,21,222
92,2,11,28,244
94,3,19,20,256
95,4,23,133,638
96,3,10,41,369
97,2,8,12,404
98,2,7,28,144
99,3,8,18,319
100,1,11,12,75
101,2,6,6,142
102,3,8,55,354
103,2,11,23,309
104,2,7,26,193
105,4,9,23,553
106,2,21,37,493
107,3,17,43,769
108,2,22,37,240
109,2,9,29,291
111,2,11,27,292
112,3,11,27,350
113,3,11,19,327
114,2,8,28,220
115,4,18,67,837
116,4,17,117,1212
117,4,17,138,599
118,4,6,6,268
119,2,22,21,416
120,4,19,69,2949
121,4,17,53,1363
122,4,21,77,2136
123,4,18,62,2163
124,1,5,5,249
125,4,19,59,2231
126,3,24,37,2084
127,4,18,126,1203
128,4,19,57,1471
129,3,19,30,1104
130,2,12,23,440
131,4,24,96,1947
132,2,15,14,388
133,4,29,73,1190
134,4,15,54,1031
135,1,7,7,280
136,1,7,18,260
137,1,7,26,198
